file_name,cycle_idx,recon_error
B0038.csv,2,0.02977051197160758
B0038.csv,46,0.039396507002265435
B0038.csv,47,0.039921461462783185
B0039.csv,1,0.050244783333772795
B0040.csv,1,0.03528063785263567
B0040.csv,46,0.08157037549644723
B0040.csv,47,0.03931885671029505
